CentreServiceID,CentreID,Service
1,1,Incident_Response
2,1,Wellbeing_Support
3,2,Incident_Response
4,2,Wellbeing_Support
5,2,Social_Support
6,2,Legal_Advice
7,2,Financial_Advice
8,3,Incident_Response
9,3,Wellbeing_Support
10,4,Incident_Response
11,4,Wellbeing_Support
12,4,Social_Support
13,5,Incident_Response
14,6,Incident_Response
15,7,Incident_Response
16,7,Wellbeing_Support
17,7,Social_Support
18,8,Incident_Response
19,8,Wellbeing_Support
20,8,Social_Support
21,9,Incident_Response
22,9,Wellbeing_Support
23,10,Incident_Response
24,10,Wellbeing_Support
25,10,Social_Support
26,10,Legal_Advice
27,10,Financial_Advice
28,11,Incident_Response
29,12,Incident_Response
30,13,Incident_Response
31,13,Wellbeing_Support
32,14,Incident_Response
33,14,Wellbeing_Support
34,15,Incident_Response
35,16,Incident_Response
36,16,Wellbeing_Support
37,17,Incident_Response
38,17,Wellbeing_Support
39,17,Social_Support
40,17,Legal_Advice
41,17,Financial_Advice
42,18,Incident_Response
43,19,Incident_Response
44,19,Wellbeing_Support
45,19,Social_Support
46,19,Legal_Advice
47,19,Financial_Advice
48,20,Incident_Response
49,21,Incident_Response
50,21,Wellbeing_Support
51,22,Incident_Response
52,22,Wellbeing_Support
53,22,Social_Support
54,23,Incident_Response
55,23,Wellbeing_Support
56,24,Incident_Response
57,25,Incident_Response
58,26,Incident_Response
59,26,Wellbeing_Support
60,26,Social_Support
61,27,Incident_Response
62,27,Wellbeing_Support
63,27,Social_Support
64,27,Legal_Advice
65,27,Financial_Advice
66,28,Incident_Response
67,28,Wellbeing_Support
68,28,Social_Support
69,29,Incident_Response
70,29,Wellbeing_Support
71,29,Social_Support
72,29,Legal_Advice
73,29,Financial_Advice
